"id";"mb_avg_rating";"mb_n_users"
"http://dbpedia.org/resource/Body_Talk_Pt._1";"70";"2"
"http://dbpedia.org/resource/Foot_of_the_Mountain";"";""
"http://dbpedia.org/resource/Kish_Kash";"100";"1"
"http://dbpedia.org/resource/Karmacode";"80";"2"
"http://dbpedia.org/resource/The_Tight_Connection";"";""
"http://dbpedia.org/resource/White_Silence";"";""
"http://dbpedia.org/resource/Commencement_(album)";"80";"1"
"http://dbpedia.org/resource/Blue_Record";"";""
"http://dbpedia.org/resource/Splinter_(The_Offspring_album)";"80";"2"
"http://dbpedia.org/resource/Monsters_of_Folk_(album)";"";""
"http://dbpedia.org/resource/Labor_Days";"90";"2"
"http://dbpedia.org/resource/Xenophanes_(album)";"";""
"http://dbpedia.org/resource/Vehicles_&_Animals";"100";"1"
"http://dbpedia.org/resource/Mass_Romantic";"93";"3"
"http://dbpedia.org/resource/Pull_the_Pin";"";""
"http://dbpedia.org/resource/Fly_Yellow_Moon";"";""
"http://dbpedia.org/resource/A_Hyperactive_Workout_for_the_Flying_Squad";"";""
"http://dbpedia.org/resource/Go_Now_and_Live";"";""
"http://dbpedia.org/resource/You_Have_No_Idea_What_You're_Getting_Yourself_Into";"100";"1"
"http://dbpedia.org/resource/604_(album)";"";""
"http://dbpedia.org/resource/American_Slang";"";""
"http://dbpedia.org/resource/Down_the_Way";"";""
"http://dbpedia.org/resource/Cosmogramma";"90";"4"
"http://dbpedia.org/resource/Gulag_Orkestar";"90";"2"
"http://dbpedia.org/resource/American_Gangster_(album)";"60";"4"
"http://dbpedia.org/resource/Hitting_the_Ground";"";""
"http://dbpedia.org/resource/It's_Me_Again";"";""
"http://dbpedia.org/resource/The_First_of_the_Microbe_Hunters";"";""
"http://dbpedia.org/resource/Every_Man_for_Himself_(album)";"";""
"http://dbpedia.org/resource/Snakes_for_the_Divine";"";""
"http://dbpedia.org/resource/You're_a_Woman,_I'm_a_Machine";"";""
"http://dbpedia.org/resource/High_Dive";"";""
"http://dbpedia.org/resource/GhostDeini_the_Great";"";""
"http://dbpedia.org/resource/Nobody's_Daughter";"60";"1"
"http://dbpedia.org/resource/Rock_n_Roll_Jesus";"100";"1"
"http://dbpedia.org/resource/Season_of_Poison";"40";"1"
"http://dbpedia.org/resource/At_Night_We_Live";"";""
"http://dbpedia.org/resource/2000_Years_of_Human_Error";"60";"1"
"http://dbpedia.org/resource/Black_Up";"80";"1"
"http://dbpedia.org/resource/Life_on_Display";"";""
"http://dbpedia.org/resource/Offend_Maggie";"";""
"http://dbpedia.org/resource/Lines,_Vines_and_Trying_Times";"100";"1"
"http://dbpedia.org/resource/Goodbye_Lullaby";"60";"5"
"http://dbpedia.org/resource/Yoshimi_Battles_the_Pink_Robots";"87";"3"
"http://dbpedia.org/resource/Rehearsing_My_Choir";"";""
"http://dbpedia.org/resource/Option_Paralysis";"93";"3"
"http://dbpedia.org/resource/At_the_End_of_Paths_Taken";"";""
"http://dbpedia.org/resource/Psychic_Chasms";"90";"2"
"http://dbpedia.org/resource/Razorlight_(album)";"";""
"http://dbpedia.org/resource/Q_Soul_Bossa_Nostra";"";""
"http://dbpedia.org/resource/Someone_to_Drive_You_Home";"";""
"http://dbpedia.org/resource/Seasons_of_My_Soul";"";""
"http://dbpedia.org/resource/Grey_Oceans";"100";"1"
"http://dbpedia.org/resource/All_the_Plans";"80";"1"
"http://dbpedia.org/resource/Crown_Royal_(album)";"100";"1"
"http://dbpedia.org/resource/Nostalgia,_Ultra";"73";"3"
"http://dbpedia.org/resource/Under_the_Mistletoe";"100";"1"
"http://dbpedia.org/resource/Fearless_Love";"";""
"http://dbpedia.org/resource/Moodring";"";""
"http://dbpedia.org/resource/Some_Kind_of_Trouble";"";""
"http://dbpedia.org/resource/Live_at_Shea_Stadium";"";""
"http://dbpedia.org/resource/People_Are_Expensive";"";""
"http://dbpedia.org/resource/Break_the_Cycle";"100";"1"
"http://dbpedia.org/resource/Born_in_the_U.K.";"";""
"http://dbpedia.org/resource/Outside_Closer";"";""
"http://dbpedia.org/resource/Blood_in_My_Eye";"";""
"http://dbpedia.org/resource/Getting_Away_with_It..._Live";"";""
"http://dbpedia.org/resource/It_Had_to_Be_You:_The_Great_American_Songbook";"";""
"http://dbpedia.org/resource/Dignity_(album)";"40";"1"
"http://dbpedia.org/resource/Pattern+Grid_World";"";""
"http://dbpedia.org/resource/Riot_City_Blues";"";""
"http://dbpedia.org/resource/Dear_Science";"100";"1"
"http://dbpedia.org/resource/Body_Language_Live";"";""
"http://dbpedia.org/resource/Earth_vs._The_Pipettes";"";""
"http://dbpedia.org/resource/White_Lilies_Island";"100";"1"
"http://dbpedia.org/resource/A_Day_Without_Rain";"75";"4"
"http://dbpedia.org/resource/So_Long,_Astoria";"";""
"http://dbpedia.org/resource/Hissing_Fauna,_Are_You_the_Destroyer%3F";"93";"3"
"http://dbpedia.org/resource/In_the_Maybe_World";"";""
"http://dbpedia.org/resource/Girls_Can_Tell";"";""
"http://dbpedia.org/resource/Studio_150";"";""
"http://dbpedia.org/resource/Panic_Movement_(album)";"80";"1"
"http://dbpedia.org/resource/Unto_the_Locust";"100";"1"
"http://dbpedia.org/resource/Quicken_the_Heart";"";""
"http://dbpedia.org/resource/Everyday_I_Said_a_Prayer_for_Kathy_and_Made_a_One_Inch_Square";"";""
"http://dbpedia.org/resource/Love_Is_the_Answer_(album)";"";""
"http://dbpedia.org/resource/Your_Future_Our_Clutter";"";""
"http://dbpedia.org/resource/Based_on_a_T.R.U._Story";"";""
"http://dbpedia.org/resource/Metals_(album)";"70";"2"
"http://dbpedia.org/resource/Fear_of_a_Blank_Planet";"83";"7"
"http://dbpedia.org/resource/Going_Out_in_Style";"80";"2"
"http://dbpedia.org/resource/The_Mix-Up";"73";"3"
"http://dbpedia.org/resource/Biophilia_(album)";"70";"4"
"http://dbpedia.org/resource/From_a_Basement_on_the_Hill";"80";"1"
"http://dbpedia.org/resource/Build_a_Rocket_Boys!";"73";"3"
"http://dbpedia.org/resource/Monday_at_the_Hug_&_Pint";"";""
"http://dbpedia.org/resource/Bitchin'";"";""
"http://dbpedia.org/resource/It's_Blitz!";"80";"5"
"http://dbpedia.org/resource/Jarvis_(album)";"70";"2"
"http://dbpedia.org/resource/Escondida_(album)";"80";"1"
"http://dbpedia.org/resource/Nothing_but_the_Beat";"100";"1"
"http://dbpedia.org/resource/Emeritus_(album)";"60";"1"
"http://dbpedia.org/resource/Reintegration_Time";"";""
"http://dbpedia.org/resource/Sing_the_Sorrow";"80";"4"
"http://dbpedia.org/resource/Red_Dirt_Road";"";""
"http://dbpedia.org/resource/One_Day_as_a_Lion_(EP)";"";""
"http://dbpedia.org/resource/22-20s_(album)";"60";"1"
"http://dbpedia.org/resource/Supermodified_(album)";"100";"1"
"http://dbpedia.org/resource/New_History_Warfare_Vol._2:_Judges";"60";"1"
"http://dbpedia.org/resource/Bright_Yellow_Bright_Orange";"";""
"http://dbpedia.org/resource/Not_Without_a_Fight";"80";"1"
"http://dbpedia.org/resource/Tassili_(album)";"";""
"http://dbpedia.org/resource/Trinity_(Past,_Present_and_Future)";"";""
"http://dbpedia.org/resource/Smother_(album)";"";""
"http://dbpedia.org/resource/The_Grind_Date";"";""
"http://dbpedia.org/resource/Stories_from_the_City,_Stories_from_the_Sea";"82";"9"
"http://dbpedia.org/resource/Phrenology_(album)";"";""
"http://dbpedia.org/resource/Year_of_the_Dog..._Again";"";""
"http://dbpedia.org/resource/Strangeland_(album)";"100";"1"
"http://dbpedia.org/resource/The_Angels_of_Light_Sing_'Other_People'";"";""
"http://dbpedia.org/resource/Concrete_Rose";"40";"1"
"http://dbpedia.org/resource/Martha_Wainwright_(album)";"";""
"http://dbpedia.org/resource/Wolfgang_Amadeus_Phoenix";"75";"8"
"http://dbpedia.org/resource/Gimme_Fiction";"";""
"http://dbpedia.org/resource/Modern_Apprentice";"";""
"http://dbpedia.org/resource/American_Capitalist";"";""
"http://dbpedia.org/resource/Blue_Cathedral";"";""
"http://dbpedia.org/resource/Bittersweet_World";"";""
"http://dbpedia.org/resource/My_Bloody_Underground";"";""
"http://dbpedia.org/resource/Lost_and_Found_(Mudvayne_album)";"60";"1"
"http://dbpedia.org/resource/Trapped_Animal";"";""
"http://dbpedia.org/resource/Symphonicities";"80";"2"
"http://dbpedia.org/resource/ONoffON";"";""
"http://dbpedia.org/resource/Game_Theory_(album)";"90";"2"
"http://dbpedia.org/resource/The_Renaissance_(Q-Tip_album)";"";""
"http://dbpedia.org/resource/Exit_13";"";""
"http://dbpedia.org/resource/The_Body,_the_Blood,_the_Machine";"100";"1"
"http://dbpedia.org/resource/Day_I_Forgot";"";""
"http://dbpedia.org/resource/Recitation_(album)";"";""
"http://dbpedia.org/resource/The_Age_of_Adz";"80";"2"
"http://dbpedia.org/resource/Only_One_Flo_(Part_1)";"";""
"http://dbpedia.org/resource/Major/Minor_(album)";"80";"1"
"http://dbpedia.org/resource/This_Is_Happening";"93";"3"
"http://dbpedia.org/resource/Rule_3:36";"";""
"http://dbpedia.org/resource/Laugh_Now,_Cry_Later";"";""
"http://dbpedia.org/resource/My_Private_Nation";"60";"1"
"http://dbpedia.org/resource/The_Past_Presents_the_Future";"";""
"http://dbpedia.org/resource/Backspacer";"80";"1"
"http://dbpedia.org/resource/Jagged_Little_Pill_Acoustic";"100";"2"
"http://dbpedia.org/resource/The_Crane_Wife";"92";"5"
"http://dbpedia.org/resource/Diotima_(album)";"";""
"http://dbpedia.org/resource/Serena_Maneesh_(album)";"100";"1"
"http://dbpedia.org/resource/Fantasy_Black_Channel";"";""
"http://dbpedia.org/resource/Coming_Back_to_You";"";""
"http://dbpedia.org/resource/July_Flame";"";""
"http://dbpedia.org/resource/Elephant_(album)";"77";"7"
"http://dbpedia.org/resource/Favourite_Worst_Nightmare";"91";"7"
"http://dbpedia.org/resource/James_Blake_(album)";"88";"8"
"http://dbpedia.org/resource/This_Is_Our_Science";"";""
"http://dbpedia.org/resource/Welcome_to_the_Dollhouse_(album)";"";""
"http://dbpedia.org/resource/The_New_Danger";"80";"2"
"http://dbpedia.org/resource/Monkey_Business_(album)";"85";"4"
"http://dbpedia.org/resource/Street_Horrrsing";"";""
"http://dbpedia.org/resource/The_Coast_Is_Never_Clear";"";""
"http://dbpedia.org/resource/Blood_Money_(Tom_Waits_album)";"100";"1"
"http://dbpedia.org/resource/Tarot_Sport";"";""
"http://dbpedia.org/resource/The_Power_of_Negative_Thinking:_B-Sides_&_Rarities";"";""
"http://dbpedia.org/resource/Love_Songs_for_Patriots";"";""
"http://dbpedia.org/resource/Matthew_Morrison_(album)";"";""
"http://dbpedia.org/resource/World_Wide_Rebel_Songs";"";""
"http://dbpedia.org/resource/Arabia_Mountain_(album)";"";""
"http://dbpedia.org/resource/The_Magic_Position";"80";"1"
"http://dbpedia.org/resource/Do_You_Know_Squarepusher";"80";"1"
"http://dbpedia.org/resource/High_Violet";"88";"5"
"http://dbpedia.org/resource/Pop_Trash";"60";"1"
"http://dbpedia.org/resource/The_Lateness_of_the_Hour_(album)";"100";"2"
"http://dbpedia.org/resource/D-D-Don't_Don't_Stop_the_Beat";"80";"1"
"http://dbpedia.org/resource/Her_Space_Holiday_(album)";"";""
"http://dbpedia.org/resource/The_Rainbow_Children";"100";"1"
"http://dbpedia.org/resource/Made_in_China_(album)";"100";"1"
"http://dbpedia.org/resource/Violence_Begets_Violence";"";""
"http://dbpedia.org/resource/Monoliths_&_Dimensions";"";""
"http://dbpedia.org/resource/Cold_House";"";""
"http://dbpedia.org/resource/Mine_Is_Yours";"";""
"http://dbpedia.org/resource/The_Futureheads_(album)";"";""
"http://dbpedia.org/resource/Majesty_Shredding";"";""
"http://dbpedia.org/resource/Prog_(album)";"";""
"http://dbpedia.org/resource/Next_Big_Thing";"";""
"http://dbpedia.org/resource/Shock_Value_II";"70";"2"
"http://dbpedia.org/resource/We_Sing._We_Dance._We_Steal_Things.";"50";"2"
"http://dbpedia.org/resource/The_Suburbs_(album)";"87";"11"
"http://dbpedia.org/resource/Set_Yourself_on_Fire";"100";"2"
"http://dbpedia.org/resource/Chocolate_Starfish_and_the_Hot_Dog_Flavored_Water";"80";"6"
"http://dbpedia.org/resource/The_Black_Magic_Show";"60";"1"
"http://dbpedia.org/resource/Ferrari_Boyz";"70";"2"
"http://dbpedia.org/resource/Dilate_(Bardo_Pond_album)";"80";"1"
"http://dbpedia.org/resource/Ariels";"";""
"http://dbpedia.org/resource/Strength_in_Numbers_(Calla_album)";"";""
"http://dbpedia.org/resource/Something_for_the_Rest_of_Us";"";""
"http://dbpedia.org/resource/Curtis_(50_Cent_album)";"80";"1"
"http://dbpedia.org/resource/Universal_Mind_Control";"80";"3"
"http://dbpedia.org/resource/Science_&_Faith";"";""
"http://dbpedia.org/resource/Until_One";"100";"1"
"http://dbpedia.org/resource/Brett_Anderson_(album)";"80";"1"
"http://dbpedia.org/resource/Merry_Christmas_II_You";"100";"1"
"http://dbpedia.org/resource/The_Flying_Club_Cup";"80";"2"
"http://dbpedia.org/resource/Destiny_Fulfilled";"";""
"http://dbpedia.org/resource/From_Here_We_Go_Sublime";"100";"1"
"http://dbpedia.org/resource/One_Plus_One_Is_One";"";""
"http://dbpedia.org/resource/Twin_Cinema";"100";"2"
"http://dbpedia.org/resource/The_Milk_of_Human_Kindness";"100";"1"
"http://dbpedia.org/resource/Decoration_Day_(album)";"100";"1"
"http://dbpedia.org/resource/Teen_Dream";"87";"3"
"http://dbpedia.org/resource/Free_Somehow";"";""
"http://dbpedia.org/resource/Double_Figure";"100";"1"
"http://dbpedia.org/resource/This_Delicate_Thing_We've_Made";"";""
"http://dbpedia.org/resource/Since_I_Left_You";"100";"1"
"http://dbpedia.org/resource/Awfully_Deep";"";""
"http://dbpedia.org/resource/Y_Not";"";""
"http://dbpedia.org/resource/Simple_Plan_(album)";"100";"1"
"http://dbpedia.org/resource/45:33";"60";"1"
"http://dbpedia.org/resource/Bleed_Like_Me";"85";"4"
"http://dbpedia.org/resource/In_Case_You_Didn't_Know";"";""
"http://dbpedia.org/resource/The_Argument";"";""
"http://dbpedia.org/resource/Turn_on_the_Bright_Lights";"87";"6"
"http://dbpedia.org/resource/Ripe_(album)";"";""
"http://dbpedia.org/resource/Hopes_and_Fears";"80";"2"
"http://dbpedia.org/resource/Jennifer_Hudson_(album)";"";""
"http://dbpedia.org/resource/Madvillainy";"93";"3"
"http://dbpedia.org/resource/Andrew_Bird_&_the_Mysterious_Production_of_Eggs";"100";"1"
"http://dbpedia.org/resource/Uncle_Dysfunktional";"";""
"http://dbpedia.org/resource/Anywhere_I_Lay_My_Head";"60";"1"
"http://dbpedia.org/resource/Vampire_Weekend_(album)";"74";"7"
"http://dbpedia.org/resource/Release_Therapy";"60";"1"
"http://dbpedia.org/resource/Live_from_Dakota";"";""
"http://dbpedia.org/resource/Bowie_at_the_Beeb";"90";"2"
"http://dbpedia.org/resource/Cinder_(album)";"";""
"http://dbpedia.org/resource/Rubber_Factory";"90";"2"
"http://dbpedia.org/resource/No_Baggage";"100";"1"
"http://dbpedia.org/resource/New_Amerykah_Part_Two_(Return_of_the_Ankh)";"60";"1"
"http://dbpedia.org/resource/Electronic_Earth";"";""
"http://dbpedia.org/resource/Staind_(album)";"";""
"http://dbpedia.org/resource/Own_the_Night";"100";"1"
"http://dbpedia.org/resource/Mouthfuls";"";""
"http://dbpedia.org/resource/Grinderman_2";"80";"1"
"http://dbpedia.org/resource/Goddess_in_the_Doorway";"";""
"http://dbpedia.org/resource/Marissa_Nadler_(album)";"100";"1"
"http://dbpedia.org/resource/Outta_Sight/Outta_Mind";"";""
"http://dbpedia.org/resource/Radio_Retaliation";"60";"1"
"http://dbpedia.org/resource/Golden_Lies";"";""
"http://dbpedia.org/resource/Dangerous_Dreams";"";""
"http://dbpedia.org/resource/Rebelution_(Pitbull_album)";"";""
"http://dbpedia.org/resource/Shape_Shifter_(album)";"";""
"http://dbpedia.org/resource/Slow_Motion_Daydream";"60";"2"
"http://dbpedia.org/resource/Murray_Street_(album)";"";""
"http://dbpedia.org/resource/Ten_Thousand_Fists";"100";"1"
"http://dbpedia.org/resource/Make_a_Scene";"60";"1"
"http://dbpedia.org/resource/Denies_the_Day's_Demise";"";""
"http://dbpedia.org/resource/Special_Affections";"";""
"http://dbpedia.org/resource/American_Idiot";"79";"14"
"http://dbpedia.org/resource/Guitar_Heaven:_The_Greatest_Guitar_Classics_of_All_Time";"47";"3"
"http://dbpedia.org/resource/The_Less_You_Know,_the_Better";"";""
"http://dbpedia.org/resource/Laulu_Laakson_Kukista";"";""
"http://dbpedia.org/resource/Silent_Alarm";"95";"4"
"http://dbpedia.org/resource/Empros";"80";"1"
"http://dbpedia.org/resource/Think_Tank_(Blur_album)";"85";"4"
"http://dbpedia.org/resource/The_Outsider_(DJ_Shadow_album)";"47";"3"
"http://dbpedia.org/resource/Miss_Machine";"90";"2"
"http://dbpedia.org/resource/House_of_Balloons";"90";"2"
"http://dbpedia.org/resource/Everything_in_Between_(No_Age_album)";"";""
"http://dbpedia.org/resource/This_Right_Here_Is_Buck_65";"";""
"http://dbpedia.org/resource/Neon_Golden";"100";"3"
"http://dbpedia.org/resource/Dead_Media";"";""
"http://dbpedia.org/resource/7th_Symphony_(album)";"60";"1"
"http://dbpedia.org/resource/For_Emma,_Forever_Ago";"96";"11"
"http://dbpedia.org/resource/Haunted_Cities";"";""
"http://dbpedia.org/resource/Everything_Is_Borrowed";"";""
"http://dbpedia.org/resource/Yours_Truly,_Angry_Mob";"93";"3"
"http://dbpedia.org/resource/All_of_a_Sudden_I_Miss_Everyone";"80";"5"
"http://dbpedia.org/resource/Foundling_(album)";"";""
"http://dbpedia.org/resource/1st_Born_Second";"";""
"http://dbpedia.org/resource/Cedars_(album)";"";""
"http://dbpedia.org/resource/Aerial_(album)";"80";"3"
"http://dbpedia.org/resource/Twisted_Tenderness";"80";"2"
"http://dbpedia.org/resource/The_King_of_Limbs";"76";"10"
"http://dbpedia.org/resource/We_Love_Life";"60";"2"
"http://dbpedia.org/resource/Half_the_Perfect_World";"";""
"http://dbpedia.org/resource/Stay_Positive_(album)";"100";"1"
"http://dbpedia.org/resource/A_Grand_Don't_Come_for_Free";"80";"1"
"http://dbpedia.org/resource/I'm_Wide_Awake,_It's_Morning";"92";"5"
"http://dbpedia.org/resource/Sex_Dreams_and_Denim_Jeans";"";""
"http://dbpedia.org/resource/Halcyon_Digest";"100";"2"
"http://dbpedia.org/resource/When_It_All_Goes_South";"";""
"http://dbpedia.org/resource/Van_Lear_Rose";"";""
"http://dbpedia.org/resource/God_Hates_Us_All";"70";"4"
"http://dbpedia.org/resource/Back_to_Black";"80";"14"
"http://dbpedia.org/resource/Regard_the_End";"";""
"http://dbpedia.org/resource/Hey_Hey_My_My_Yo_Yo";"80";"1"
"http://dbpedia.org/resource/Oh_Land_(album)";"";""
"http://dbpedia.org/resource/Sixes_&_Sevens";"";""
"http://dbpedia.org/resource/The_Third_Hand";"80";"1"
"http://dbpedia.org/resource/The_Best_Little_Secrets_Are_Kept";"";""
"http://dbpedia.org/resource/Alegranza_(album)";"";""
"http://dbpedia.org/resource/The_Lemon_of_Pink";"100";"2"
"http://dbpedia.org/resource/A_New_Tide";"";""
"http://dbpedia.org/resource/Finding_Beauty_in_Negative_Spaces";"80";"1"
"http://dbpedia.org/resource/Savane_(album)";"80";"1"
"http://dbpedia.org/resource/Smoke_Ring_for_My_Halo";"";""
"http://dbpedia.org/resource/Blood_Mountain_(album)";"93";"3"
"http://dbpedia.org/resource/Mirrored";"90";"4"
"http://dbpedia.org/resource/Imidiwan";"";""
"http://dbpedia.org/resource/Dark_End_of_the_Street_(album)";"60";"1"
"http://dbpedia.org/resource/Invaders_Must_Die";"88";"10"
"http://dbpedia.org/resource/The_Ecstatic";"85";"4"
"http://dbpedia.org/resource/Thought_So";"";""
"http://dbpedia.org/resource/D12_World";"100";"2"
"http://dbpedia.org/resource/Universal_Pulse";"100";"1"
"http://dbpedia.org/resource/Icky_Thump";"87";"3"
"http://dbpedia.org/resource/T.I._vs._T.I.P.";"50";"2"
"http://dbpedia.org/resource/The_Ragpicker's_Dream";"60";"1"
"http://dbpedia.org/resource/Before_I_Self_Destruct";"70";"2"
"http://dbpedia.org/resource/Overexposed_(album)";"100";"1"
"http://dbpedia.org/resource/Mar_Dulce_(album)";"100";"1"
"http://dbpedia.org/resource/White_Blood_Cells_(album)";"87";"3"
"http://dbpedia.org/resource/Armchair_Apocrypha";"90";"2"
"http://dbpedia.org/resource/Somebody's_Miracle";"";""
"http://dbpedia.org/resource/Blur:_The_Best_Of";"60";"1"
"http://dbpedia.org/resource/15_Again";"";""
"http://dbpedia.org/resource/100_Days,_100_Nights";"";""
"http://dbpedia.org/resource/Blue_Boy_(album)";"";""
"http://dbpedia.org/resource/Fallen_Empires_(album)";"";""
"http://dbpedia.org/resource/Jasper_County_(album)";"";""
"http://dbpedia.org/resource/One_Beat";"100";"1"
"http://dbpedia.org/resource/Neon_Bible";"84";"11"
"http://dbpedia.org/resource/Avenged_Sevenfold_(album)";"75";"4"
"http://dbpedia.org/resource/Rejoicing_in_the_Hands";"90";"2"
"http://dbpedia.org/resource/Like_Red_on_a_Rose";"";""
"http://dbpedia.org/resource/Daniel_Powter_(album)";"40";"1"
"http://dbpedia.org/resource/Look_What_You_Made_Me";"";""
"http://dbpedia.org/resource/Night_Train_(EP)";"50";"2"
"http://dbpedia.org/resource/Client_(album)";"";""
"http://dbpedia.org/resource/Under_Rug_Swept";"90";"2"
"http://dbpedia.org/resource/Saturday_Nights_&_Sunday_Mornings";"60";"1"
"http://dbpedia.org/resource/Electric_Version";"80";"2"
"http://dbpedia.org/resource/All_Hands_on_the_Bad_One";"80";"2"
"http://dbpedia.org/resource/Awake_Is_the_New_Sleep";"";""
"http://dbpedia.org/resource/Out_of_the_Vein";"100";"1"
"http://dbpedia.org/resource/Love_vs._Money";"60";"1"
"http://dbpedia.org/resource/Leaves_Turn_Inside_You";"100";"1"
"http://dbpedia.org/resource/My_Favourite_Headache";"60";"1"
"http://dbpedia.org/resource/America's_Sweetheart_(album)";"";""
"http://dbpedia.org/resource/Liz_Phair_(album)";"";""
"http://dbpedia.org/resource/The_New_Game";"";""
"http://dbpedia.org/resource/The_Sophtware_Slump";"90";"2"
"http://dbpedia.org/resource/Everything_to_Everyone";"100";"1"
"http://dbpedia.org/resource/Sam_Sparro_(album)";"";""
"http://dbpedia.org/resource/Bootleg_Detroit";"100";"1"
"http://dbpedia.org/resource/Warmer_Corners";"";""
"http://dbpedia.org/resource/The_Convincer";"";""
"http://dbpedia.org/resource/Lucky_Old_Sun";"";""
"http://dbpedia.org/resource/In_Your_Dreams_(album)";"";""
"http://dbpedia.org/resource/Bright_Black_Heaven";"60";"1"
"http://dbpedia.org/resource/The_Town_and_the_City_(album)";"";""
"http://dbpedia.org/resource/Confield";"80";"4"
"http://dbpedia.org/resource/S.T.R.E.E.T._D.A.D.";"";""
"http://dbpedia.org/resource/Antics_(album)";"90";"4"
"http://dbpedia.org/resource/Wind_in_the_Wires";"";""
"http://dbpedia.org/resource/Minutes_to_Midnight_(album)";"74";"10"
"http://dbpedia.org/resource/Electra_Heart";"100";"1"
"http://dbpedia.org/resource/Kellie_Pickler_(album)";"";""
"http://dbpedia.org/resource/Chutes_Too_Narrow";"80";"2"
"http://dbpedia.org/resource/The_Strangest_Things";"";""
"http://dbpedia.org/resource/Kris_Allen_(album)";"";""
"http://dbpedia.org/resource/Silence_Is_Easy";"";""
"http://dbpedia.org/resource/Shut_Up_I_Am_Dreaming";"";""
"http://dbpedia.org/resource/Midlife:_A_Beginner's_Guide_to_Blur";"";""
"http://dbpedia.org/resource/Now_Here_Is_Nowhere";"";""
"http://dbpedia.org/resource/Silent_Cry";"60";"1"
"http://dbpedia.org/resource/Streets_of_Gold";"100";"1"
"http://dbpedia.org/resource/The_Bright_Mississippi";"";""
"http://dbpedia.org/resource/Party_Music";"";""
"http://dbpedia.org/resource/Love_on_the_Inside";"60";"1"
"http://dbpedia.org/resource/The_Boy_with_No_Name";"";""
"http://dbpedia.org/resource/David_Cook_(album)";"";""
"http://dbpedia.org/resource/Wounded_Rhymes";"20";"1"
"http://dbpedia.org/resource/Hypermagic_Mountain";"";""
"http://dbpedia.org/resource/The_Moon_&_Antarctica";"90";"9"
"http://dbpedia.org/resource/Other_People's_Songs";"40";"1"
"http://dbpedia.org/resource/Avalanche_United";"";""
"http://dbpedia.org/resource/Fabulous_Muscles";"100";"1"
"http://dbpedia.org/resource/Two_Dancers";"";""
"http://dbpedia.org/resource/Internal_Wrangler";"";""
"http://dbpedia.org/resource/Dumb_Luck_(album)";"";""
"http://dbpedia.org/resource/Amarantine_(album)";"85";"4"
"http://dbpedia.org/resource/The_Fine_Art_of_Self_Destruction";"";""
"http://dbpedia.org/resource/A_Lively_Mind";"";""
"http://dbpedia.org/resource/Winner_Stays_On";"";""
"http://dbpedia.org/resource/I_Am_the_West";"60";"1"
"http://dbpedia.org/resource/Mr._Brown_(album)";"";""
"http://dbpedia.org/resource/Greatest_Hits:_The_Evidence";"";""
"http://dbpedia.org/resource/Beaus$Eros";"";""
"http://dbpedia.org/resource/3_Words";"";""
"http://dbpedia.org/resource/Townes_(album)";"";""
"http://dbpedia.org/resource/Flaws";"";""
"http://dbpedia.org/resource/Good_Morning_Revival";"60";"1"
"http://dbpedia.org/resource/The_Declaration";"100";"1"
"http://dbpedia.org/resource/Parting_the_Sea_Between_Brightness_and_Me";"100";"1"
"http://dbpedia.org/resource/If_Not_Now,_When%3F_(album)";"100";"1"
"http://dbpedia.org/resource/Emotion_&_Commotion";"";""
"http://dbpedia.org/resource/Time*_Sex*_Love*";"";""
"http://dbpedia.org/resource/Raymond_v._Raymond";"";""
"http://dbpedia.org/resource/Life_in_Cartoon_Motion";"66";"7"
"http://dbpedia.org/resource/Como_Ama_una_Mujer";"";""
"http://dbpedia.org/resource/The_Block_(album)";"";""
"http://dbpedia.org/resource/LP1_(Joss_Stone_album)";"";""
"http://dbpedia.org/resource/All_the_Lost_Souls";"50";"2"
"http://dbpedia.org/resource/Since_We_Last_Spoke";"85";"4"
"http://dbpedia.org/resource/Powerballin'";"";""
"http://dbpedia.org/resource/The_High_End_of_Low";"50";"5"
"http://dbpedia.org/resource/Feast_of_Wire";"100";"2"
"http://dbpedia.org/resource/Song_Yet_to_Be_Sung";"";""
"http://dbpedia.org/resource/Beaucoup_Fish";"76";"5"
"http://dbpedia.org/resource/Rascalize";"100";"1"
"http://dbpedia.org/resource/Judgement_Days";"";""
"http://dbpedia.org/resource/Death_Is_This_Communion";"";""
"http://dbpedia.org/resource/Paper_Walls";"80";"1"
"http://dbpedia.org/resource/Come_to_Where_I'm_From";"";""
"http://dbpedia.org/resource/A_South_Bronx_Story";"";""
"http://dbpedia.org/resource/Bad_as_Me";"";""
"http://dbpedia.org/resource/Civilian_(Wye_Oak_album)";"100";"1"
"http://dbpedia.org/resource/The_Lost_Tapes";"80";"1"
"http://dbpedia.org/resource/Watershed_(Opeth_album)";"90";"6"
"http://dbpedia.org/resource/Drums_and_Guns";"100";"2"
"http://dbpedia.org/resource/Harps_and_Angels";"40";"1"
"http://dbpedia.org/resource/Humming_by_the_Flowered_Vine";"60";"1"
"http://dbpedia.org/resource/Trilla";"60";"1"
"http://dbpedia.org/resource/A_Dramatic_Turn_of_Events";"80";"3"
"http://dbpedia.org/resource/Three_Fact_Fader";"";""
"http://dbpedia.org/resource/Flashmob_(album)";"100";"1"
"http://dbpedia.org/resource/Fox_Confessor_Brings_the_Flood";"80";"1"
"http://dbpedia.org/resource/Faceless";"60";"1"
"http://dbpedia.org/resource/Blackjazz";"73";"3"
"http://dbpedia.org/resource/Nine_Types_of_Light";"100";"1"
"http://dbpedia.org/resource/Not_Your_Kind_of_People";"80";"1"
"http://dbpedia.org/resource/Morph_the_Cat";"80";"1"
"http://dbpedia.org/resource/Fork_in_the_Road";"60";"1"
"http://dbpedia.org/resource/The_Greatest_Story_Never_Told";"";""
"http://dbpedia.org/resource/R.A.P._Music";"90";"2"
"http://dbpedia.org/resource/Peaceful,_the_World_Lays_Me_Down";"";""
"http://dbpedia.org/resource/Bonfires_on_the_Heath";"80";"1"
"http://dbpedia.org/resource/At_Your_Inconvenience";"";""
"http://dbpedia.org/resource/Can't_Be_Tamed";"80";"1"
"http://dbpedia.org/resource/The_Covers_Record";"";""
"http://dbpedia.org/resource/Kill_the_Moonlight";"";""
"http://dbpedia.org/resource/Something_to_Die_For";"80";"1"
"http://dbpedia.org/resource/Arular";"90";"4"
"http://dbpedia.org/resource/What_Doesn't_Kill_You,_Eventually_Kills_You";"";""
"http://dbpedia.org/resource/Citrus_(album)";"100";"1"
"http://dbpedia.org/resource/Travistan";"40";"1"
"http://dbpedia.org/resource/Born_Villain";"70";"2"
"http://dbpedia.org/resource/Ringo_2012";"";""
"http://dbpedia.org/resource/Twisted_Angel";"";""
"http://dbpedia.org/resource/Storm_Corrosion_(album)";"90";"2"
"http://dbpedia.org/resource/The_Last_Broadcast_(album)";"84";"5"
"http://dbpedia.org/resource/Walking_Cloud_and_Deep_Red_Sky,_Flag_Fluttered_and_the_Sun_Shined";"80";"1"
"http://dbpedia.org/resource/J.Lo_(album)";"40";"1"
"http://dbpedia.org/resource/Yellow_&_Green_(Baroness_album)";"80";"1"
"http://dbpedia.org/resource/Skyscraper_National_Park";"";""
"http://dbpedia.org/resource/Clash_Battle_Guilt_Pride";"60";"1"
"http://dbpedia.org/resource/Human_After_All";"76";"5"
"http://dbpedia.org/resource/Goodbye_Alice_in_Wonderland";"100";"1"
"http://dbpedia.org/resource/If_Songs_Could_Be_Held";"";""
"http://dbpedia.org/resource/Pain_Is_Love";"";""
"http://dbpedia.org/resource/David_Comes_to_Life";"100";"1"
"http://dbpedia.org/resource/Dusk_and_Summer";"";""
"http://dbpedia.org/resource/Meteora_(album)";"81";"15"
"http://dbpedia.org/resource/Weapons_of_Mass_Destruction_(album)";"";""
"http://dbpedia.org/resource/Rising_Down";"90";"4"
"http://dbpedia.org/resource/Lost_and_Safe";"87";"3"
"http://dbpedia.org/resource/BLACKsummers'night";"80";"1"
"http://dbpedia.org/resource/Mail_on_Sunday_(album)";"40";"1"
"http://dbpedia.org/resource/Never_Been_Gone";"";""
"http://dbpedia.org/resource/Love_Is_a_Four_Letter_Word_(album)";"";""
"http://dbpedia.org/resource/Sometimes_the_Blues_Is_Just_a_Passing_Bird";"";""
"http://dbpedia.org/resource/Come_to_Life";"60";"1"
"http://dbpedia.org/resource/Tanglewood_Numbers";"80";"1"
"http://dbpedia.org/resource/Exploding_Head";"80";"1"
"http://dbpedia.org/resource/These_Are_the_Vistas";"";""
"http://dbpedia.org/resource/Crossing_the_Rubicon_(The_Sounds_album)";"";""
"http://dbpedia.org/resource/Ocean_Eyes";"88";"5"
"http://dbpedia.org/resource/Slicker_Than_Your_Average";"";""
"http://dbpedia.org/resource/Desperate_Youth,_Blood_Thirsty_Babes";"";""
"http://dbpedia.org/resource/Steingarten";"";""
"http://dbpedia.org/resource/50_Words_for_Snow";"";""
"http://dbpedia.org/resource/...Burn,_Piano_Island,_Burn";"100";"1"
"http://dbpedia.org/resource/Primary_Colours_(album)";"";""
"http://dbpedia.org/resource/Southern_Rock_Opera";"80";"1"
"http://dbpedia.org/resource/SuperHeavy_(album)";"";""
"http://dbpedia.org/resource/Silence_Is_Sexy";"100";"1"
"http://dbpedia.org/resource/Dead_Cities,_Red_Seas_&_Lost_Ghosts";"90";"2"
"http://dbpedia.org/resource/Sorry_for_Party_Rocking";"";""
"http://dbpedia.org/resource/Murs_3:16:_The_9th_Edition";"";""
"http://dbpedia.org/resource/Thunder,_Lightning,_Strike";"";""
"http://dbpedia.org/resource/The_Complex_(album)";"100";"1"
"http://dbpedia.org/resource/Euphoric_Heartbreak";"";""
"http://dbpedia.org/resource/Weird_Revolution";"";""
"http://dbpedia.org/resource/Godfather_Buried_Alive";"";""
"http://dbpedia.org/resource/The_New_Classic";"";""
"http://dbpedia.org/resource/Bow_Down_to_the_Exit_Sign";"";""
"http://dbpedia.org/resource/The_Intercontinentals";"";""
"http://dbpedia.org/resource/The_Monitor_(album)";"";""
"http://dbpedia.org/resource/The_Magnificent_Tree";"50";"2"
"http://dbpedia.org/resource/Ya_Know%3F";"";""
"http://dbpedia.org/resource/Haywire_(Josh_Turner_album)";"";""
"http://dbpedia.org/resource/The_Smell_of_Our_Own";"80";"1"
"http://dbpedia.org/resource/You_Could_Have_It_So_Much_Better";"87";"6"
"http://dbpedia.org/resource/Because_We_Hate_You";"";""
"http://dbpedia.org/resource/Calling_the_World";"";""
"http://dbpedia.org/resource/Last_2_Walk";"";""
"http://dbpedia.org/resource/Brass_Knuckles_(album)";"";""
"http://dbpedia.org/resource/Details_(album)";"90";"2"
"http://dbpedia.org/resource/Now,_More_Than_Ever";"100";"1"
"http://dbpedia.org/resource/Early_21st_Century_Blues";"";""
"http://dbpedia.org/resource/Twilight_of_the_Thunder_God";"92";"10"
"http://dbpedia.org/resource/Mad_for_Sadness";"";""
"http://dbpedia.org/resource/Mudvayne_(album)";"80";"1"
"http://dbpedia.org/resource/Actor_(album)";"80";"2"
"http://dbpedia.org/resource/Flashy";"80";"1"
"http://dbpedia.org/resource/Electric_Dirt";"80";"1"
"http://dbpedia.org/resource/Walking_on_a_Dream";"70";"2"
"http://dbpedia.org/resource/Twelve_Stops_and_Home";"";""
"http://dbpedia.org/resource/A_Rush_of_Blood_to_the_Head";"81";"19"
"http://dbpedia.org/resource/Lift_Your_Skinny_Fists_Like_Antennas_to_Heaven";"100";"8"
"http://dbpedia.org/resource/If_Only_You_Were_Lonely";"";""
"http://dbpedia.org/resource/Things_We_Lost_in_the_Fire_(album)";"100";"2"
"http://dbpedia.org/resource/Veckatimest";"";""
"http://dbpedia.org/resource/Old_Ramon";"";""
"http://dbpedia.org/resource/The_Weirdness";"";""
"http://dbpedia.org/resource/Pawn_Shoppe_Heart";"";""
"http://dbpedia.org/resource/HoboSapiens";"";""
"http://dbpedia.org/resource/Sale_el_Sol";"60";"1"
"http://dbpedia.org/resource/Destroyer's_Rubies";"";""
"http://dbpedia.org/resource/Fornever";"";""
"http://dbpedia.org/resource/The_Violet_Hour_(album)";"80";"1"
"http://dbpedia.org/resource/Size_Matters";"";""
"http://dbpedia.org/resource/Money_and_Celebrity";"";""
"http://dbpedia.org/resource/Grown_&_Sexy";"";""
"http://dbpedia.org/resource/On_Your_Sleeve";"";""
"http://dbpedia.org/resource/Return_of_Dragon";"";""
"http://dbpedia.org/resource/You_in_Reverse";"50";"2"
"http://dbpedia.org/resource/Forever_Abomination";"";""
"http://dbpedia.org/resource/Switzerland_(album)";"80";"1"
"http://dbpedia.org/resource/Here's_the_Tender_Coming";"";""
"http://dbpedia.org/resource/Slash_(album)";"70";"6"
"http://dbpedia.org/resource/Boys_and_Girls_in_America";"";""
"http://dbpedia.org/resource/Everybody_Wants_to_Be_on_TV";"";""
"http://dbpedia.org/resource/Rooty";"100";"2"
"http://dbpedia.org/resource/Birds_of_Pray";"20";"1"
"http://dbpedia.org/resource/Yuck_(album)";"60";"1"
"http://dbpedia.org/resource/Hell_in_a_Handbasket";"";""
"http://dbpedia.org/resource/Celebration_Rock";"80";"1"
"http://dbpedia.org/resource/Live_on_I-5";"";""
"http://dbpedia.org/resource/Untitled_23";"";""
"http://dbpedia.org/resource/Unfamiliar_Faces";"";""
"http://dbpedia.org/resource/The_Great_Destroyer";"100";"2"
"http://dbpedia.org/resource/Dangerous_Magical_Noise";"";""
"http://dbpedia.org/resource/The_Midnight_Organ_Fight";"100";"2"
"http://dbpedia.org/resource/Blackout!_2";"80";"1"
"http://dbpedia.org/resource/The_Industrialist";"80";"2"
"http://dbpedia.org/resource/Less_Than_Human_(album)";"";""
"http://dbpedia.org/resource/Fear_Yourself";"";""
"http://dbpedia.org/resource/I_Dreamed_a_Dream_(album)";"80";"2"
"http://dbpedia.org/resource/The_Noise_Made_by_People";"";""
"http://dbpedia.org/resource/Father,_Son,_Holy_Ghost_(album)";"73";"3"
"http://dbpedia.org/resource/Secrets_Are_Sinister";"";""
"http://dbpedia.org/resource/Wake_Up_the_Nation";"";""
"http://dbpedia.org/resource/How_I_Got_Over_(album)";"85";"4"
"http://dbpedia.org/resource/Crossing_Muddy_Waters";"";""
"http://dbpedia.org/resource/Whatever_People_Say_I_Am,_That's_What_I'm_Not";"82";"9"
"http://dbpedia.org/resource/Multiply_Additions";"";""
"http://dbpedia.org/resource/TP.3_Reloaded";"";""
"http://dbpedia.org/resource/Earthly_Delights_(album)";"";""
"http://dbpedia.org/resource/Rounds_(album)";"90";"2"
"http://dbpedia.org/resource/Tronic";"80";"1"
"http://dbpedia.org/resource/Hot_Sauce_Committee_Part_Two";"80";"1"
"http://dbpedia.org/resource/Sweet_7";"";""
"http://dbpedia.org/resource/It_Is_Time_for_a_Love_Revolution";"";""
"http://dbpedia.org/resource/Anniemal";"75";"4"
"http://dbpedia.org/resource/Thecontrollersphere";"";""
"http://dbpedia.org/resource/Robyn_(album)";"100";"1"
"http://dbpedia.org/resource/1372_Overton_Park";"";""
"http://dbpedia.org/resource/The_Wonder_Years_(9th_Wonder_album)";"";""
"http://dbpedia.org/resource/Beautifully_Human:_Words_and_Sounds_Vol._2";"";""
"http://dbpedia.org/resource/Children_Running_Through";"";""
"http://dbpedia.org/resource/Motown:_A_Journey_Through_Hitsville_USA";"";""
"http://dbpedia.org/resource/Never_Gone";"";""
"http://dbpedia.org/resource/Banga_(album)";"";""
"http://dbpedia.org/resource/This_Kind_of_Love";"";""
"http://dbpedia.org/resource/All_Things_Bright_and_Beautiful_(album)";"100";"1"
"http://dbpedia.org/resource/IRM_(album)";"47";"3"
"http://dbpedia.org/resource/Killing_Puritans";"";""
"http://dbpedia.org/resource/Dark_Days/Light_Years";"50";"2"
"http://dbpedia.org/resource/The_Old_Kit_Bag";"60";"1"
"http://dbpedia.org/resource/The_Papercut_Chronicles_II";"";""
"http://dbpedia.org/resource/Welcome_to_the_North";"60";"1"
"http://dbpedia.org/resource/Booming_Back_at_You";"80";"1"
"http://dbpedia.org/resource/Drops_of_Jupiter";"60";"1"
"http://dbpedia.org/resource/God's_Son";"80";"1"
"http://dbpedia.org/resource/Young_the_Giant_(album)";"";""
"http://dbpedia.org/resource/Sometimes_I_Wish_We_Were_an_Eagle";"";""
"http://dbpedia.org/resource/So-Called_Chaos";"80";"2"
"http://dbpedia.org/resource/Alright,_Still";"70";"4"
"http://dbpedia.org/resource/American_VI:_Ain't_No_Grave";"80";"1"
"http://dbpedia.org/resource/Bears,_Mayors,_Scraps_&_Bones";"";""
"http://dbpedia.org/resource/Mechanical_Wonder";"80";"1"
"http://dbpedia.org/resource/Attak";"60";"1"
"http://dbpedia.org/resource/II_Trill";"";""
"http://dbpedia.org/resource/Seven_Swans";"95";"4"
"http://dbpedia.org/resource/Soul_Caddy";"60";"1"
"http://dbpedia.org/resource/Chemical_Warfare_(album)";"80";"1"
"http://dbpedia.org/resource/Songs_from_Black_Mountain";"60";"1"
"http://dbpedia.org/resource/Music_for_Cougars";"";""
"http://dbpedia.org/resource/Wake_Up_and_Smell_the_Coffee";"80";"2"
"http://dbpedia.org/resource/Welcoming_Home_the_Astronauts";"";""
"http://dbpedia.org/resource/End_Titles..._Stories_for_Film";"85";"4"
"http://dbpedia.org/resource/Bitte_Orca";"80";"4"
"http://dbpedia.org/resource/%22V%22_Is_for_Vagina";"100";"3"
"http://dbpedia.org/resource/Can_Our_Love...";"100";"1"
"http://dbpedia.org/resource/At_My_Age";"";""
"http://dbpedia.org/resource/Drum's_Not_Dead";"";""
"http://dbpedia.org/resource/Run_to_Ruin";"";""
"http://dbpedia.org/resource/Sunny_Border_Blue";"73";"3"
"http://dbpedia.org/resource/Scars_&_Stories";"100";"1"
"http://dbpedia.org/resource/Street_Dreams_(Fabolous_album)";"40";"1"
"http://dbpedia.org/resource/Bon_Iver,_Bon_Iver";"87";"3"
"http://dbpedia.org/resource/Definition_of_Real";"";""
"http://dbpedia.org/resource/Identified";"";""
"http://dbpedia.org/resource/Humanoid_(album)";"80";"2"
"http://dbpedia.org/resource/Keys_to_the_World";"";""
"http://dbpedia.org/resource/The_Time_of_Our_Lives_(EP)";"";""
"http://dbpedia.org/resource/Life_in_a_Beautiful_Light";"";""
"http://dbpedia.org/resource/Godspeed_on_the_Devil's_Thunder";"53";"3"
"http://dbpedia.org/resource/Hefty_Fine";"100";"1"
"http://dbpedia.org/resource/I_Learned_the_Hard_Way";"";""
"http://dbpedia.org/resource/OK_Cowboy";"100";"1"
"http://dbpedia.org/resource/Devil's_Music";"";""
"http://dbpedia.org/resource/The_Whole_Love";"";""
"http://dbpedia.org/resource/Her_Majesty_the_Decemberists";"70";"2"
"http://dbpedia.org/resource/Fleet_Foxes_(EP)";"";""
"http://dbpedia.org/resource/Christmas_in_the_Heart";"";""
"http://dbpedia.org/resource/Love,_Shelby";"";""
"http://dbpedia.org/resource/Central_Reservation_(album)";"93";"3"
"http://dbpedia.org/resource/So_Amazin'";"";""
"http://dbpedia.org/resource/Skying";"";""
"http://dbpedia.org/resource/Some_Loud_Thunder";"";""
"http://dbpedia.org/resource/Coquelicot_Asleep_in_the_Poppies:_A_Variety_of_Whimsical_Verse";"";""
"http://dbpedia.org/resource/Dirt_Farmer";"";""
"http://dbpedia.org/resource/O.N.I.F.C.";"80";"1"
"http://dbpedia.org/resource/I_Am_Me";"80";"1"
"http://dbpedia.org/resource/Mm.._Food";"80";"1"
"http://dbpedia.org/resource/Quarantine_the_Past:_The_Best_of_Pavement";"";""
"http://dbpedia.org/resource/The_Meadowlands_(album)";"100";"1"
"http://dbpedia.org/resource/Borrowed_Heaven";"100";"1"
"http://dbpedia.org/resource/Dark_Roots_of_Earth";"";""
"http://dbpedia.org/resource/All_Is_Dream";"";""
"http://dbpedia.org/resource/Dirty_Words";"";""
"http://dbpedia.org/resource/(a)spera";"";""
"http://dbpedia.org/resource/WIXIW";"";""
"http://dbpedia.org/resource/Nuclear_Daydream";"";""
"http://dbpedia.org/resource/The_View_from_the_Bottom";"";""
"http://dbpedia.org/resource/Pyramid_Electric_Co.";"";""
"http://dbpedia.org/resource/Walk_It_Off";"";""
"http://dbpedia.org/resource/A_Better_Version_of_Me";"";""
"http://dbpedia.org/resource/My_Beautiful_Dark_Twisted_Fantasy";"85";"8"
"http://dbpedia.org/resource/Riot!";"85";"4"
"http://dbpedia.org/resource/Billy_Talent_III";"100";"1"
"http://dbpedia.org/resource/Paralytic_Stalks";"";""
"http://dbpedia.org/resource/Sir_Lucious_Left_Foot:_The_Son_of_Chico_Dusty";"90";"2"
"http://dbpedia.org/resource/13_&_God_(album)";"";""
"http://dbpedia.org/resource/Furious_Angels";"";""
"http://dbpedia.org/resource/Astro_Coast";"";""
"http://dbpedia.org/resource/The_Incredible_Machine_(album)";"";""
"http://dbpedia.org/resource/Malpractice_(Redman_album)";"100";"1"
"http://dbpedia.org/resource/Taking_Chances";"";""
"http://dbpedia.org/resource/Disconnection_Notice";"70";"2"
"http://dbpedia.org/resource/Furr";"";""
"http://dbpedia.org/resource/Through_the_Windowpane";"";""
"http://dbpedia.org/resource/Post-War";"100";"1"
"http://dbpedia.org/resource/Swing_Lo_Magellan";"60";"1"
"http://dbpedia.org/resource/Heathen_Chemistry";"90";"2"
"http://dbpedia.org/resource/Take_a_Look_in_the_Mirror";"67";"3"
"http://dbpedia.org/resource/Abnormally_Attracted_to_Sin";"90";"4"
"http://dbpedia.org/resource/The_Blueprint";"80";"4"
"http://dbpedia.org/resource/A_Stranger_Here";"";""
"http://dbpedia.org/resource/Sad_Sappy_Sucker";"60";"1"
"http://dbpedia.org/resource/Funeral_(album)";"97";"12"
"http://dbpedia.org/resource/The_Open_Door";"71";"7"
"http://dbpedia.org/resource/Yeah_Ghost";"";""
"http://dbpedia.org/resource/The_Drift";"";""
"http://dbpedia.org/resource/Georgia_Clay";"";""
"http://dbpedia.org/resource/The_Earth_Is_Not_a_Cold_Dead_Place";"97";"6"
"http://dbpedia.org/resource/Gettin'_In_Over_My_Head";"";""
"http://dbpedia.org/resource/Yankee_Hotel_Foxtrot";"92";"5"
"http://dbpedia.org/resource/Super_Taranta!";"";""
"http://dbpedia.org/resource/XTRMNTR";"";""
"http://dbpedia.org/resource/Me_First_(album)";"";""
"http://dbpedia.org/resource/Tear_the_World_Down";"";""
"http://dbpedia.org/resource/That_Lonesome_Song";"";""
"http://dbpedia.org/resource/Out_of_Frequency";"";""
"http://dbpedia.org/resource/Only_Built_4_Cuban_Linx..._Pt._II";"";""
"http://dbpedia.org/resource/Original_Pirate_Material";"100";"1"
"http://dbpedia.org/resource/Picaresque_(album)";"100";"2"
"http://dbpedia.org/resource/The_Soft_Bulletin";"73";"3"
"http://dbpedia.org/resource/Raditude";"40";"3"
"http://dbpedia.org/resource/Praise_&_Blame";"";""
"http://dbpedia.org/resource/Survival_of_the_Sickest_(album)";"";""
"http://dbpedia.org/resource/All_the_Right_Reasons";"73";"3"
"http://dbpedia.org/resource/Sharpen_Your_Teeth";"";""
"http://dbpedia.org/resource/14_Shades_of_Grey";"";""
"http://dbpedia.org/resource/Home_Sweet_Home_(Kano_album)";"";""
"http://dbpedia.org/resource/All_That_You_Can't_Leave_Behind";"74";"10"
"http://dbpedia.org/resource/Ta_det_lugnt";"";""
"http://dbpedia.org/resource/The_Last_Kiss_(album)";"100";"1"
"http://dbpedia.org/resource/Fist_of_God";"";""
"http://dbpedia.org/resource/Trill_OG";"";""
"http://dbpedia.org/resource/I_Speak_Because_I_Can";"100";"1"
"http://dbpedia.org/resource/Under_Cold_Blue_Stars";"";""
"http://dbpedia.org/resource/The_Dirty_South_(album)";"";""
"http://dbpedia.org/resource/Space_Is_Only_Noise";"100";"1"
"http://dbpedia.org/resource/Pullhair_Rubeye";"";""
"http://dbpedia.org/resource/Get_the_Picture%3F_(Smash_Mouth_album)";"";""
"http://dbpedia.org/resource/Kisses_on_the_Bottom";"";""
"http://dbpedia.org/resource/Brighter_Than_Creation's_Dark";"";""
"http://dbpedia.org/resource/Cast_of_Thousands";"80";"2"
"http://dbpedia.org/resource/Last_Days_of_Wonder";"";""
"http://dbpedia.org/resource/Treats_(album)";"70";"2"
"http://dbpedia.org/resource/Vices_&_Virtues";"90";"2"
"http://dbpedia.org/resource/Late_Registration";"88";"8"
"http://dbpedia.org/resource/The_Idler_Wheel...";"60";"1"
"http://dbpedia.org/resource/Blinking_Lights_and_Other_Revelations";"";""
"http://dbpedia.org/resource/I'm_with_You_(album)";"75";"4"
"http://dbpedia.org/resource/Idiology";"100";"1"
"http://dbpedia.org/resource/Orphans:_Brawlers,_Bawlers_&_Bastards";"";""
"http://dbpedia.org/resource/The_Evening_of_My_Best_Day";"";""
"http://dbpedia.org/resource/The_Sweet_Escape";"";""
"http://dbpedia.org/resource/Big_Bad_World";"";""
"http://dbpedia.org/resource/Getting_Away_with_Murder_(album)";"80";"1"
"http://dbpedia.org/resource/Have_One_on_Me";"100";"2"
"http://dbpedia.org/resource/55_Cadillac";"100";"1"
"http://dbpedia.org/resource/The_Craft_(album)";"80";"2"
"http://dbpedia.org/resource/Fan_Dance_(album)";"";""
"http://dbpedia.org/resource/Live_at_Reading";"80";"2"
"http://dbpedia.org/resource/Whokill";"100";"1"
"http://dbpedia.org/resource/The_Bright_Lights_of_America";"80";"2"
"http://dbpedia.org/resource/The_Stage_Names";"";""
"http://dbpedia.org/resource/Dead_Son_Rising";"100";"1"
"http://dbpedia.org/resource/Bright_Ideas";"";""
"http://dbpedia.org/resource/Blue_Sky_Noise";"100";"1"
"http://dbpedia.org/resource/Human_Conditions";"";""
"http://dbpedia.org/resource/Let's_Bottle_Bohemia";"";""
"http://dbpedia.org/resource/Electric_Circus_(album)";"80";"1"
"http://dbpedia.org/resource/Our_Endless_Numbered_Days";"100";"1"
"http://dbpedia.org/resource/Stir_the_Blood";"";""
"http://dbpedia.org/resource/The_Devil's_Rain_(album)";"";""
"http://dbpedia.org/resource/One_Soul_Now";"";""
"http://dbpedia.org/resource/Panic_of_Girls";"40";"1"
"http://dbpedia.org/resource/LCD_Soundsystem_(album)";"87";"3"
"http://dbpedia.org/resource/The_Facts_of_Life_(album)";"";""
"http://dbpedia.org/resource/Winter_Hymn_Country_Hymn_Secret_Hymn";"90";"2"
"http://dbpedia.org/resource/Pink_Friday:_Roman_Reloaded";"100";"1"
"http://dbpedia.org/resource/Secret_South";"100";"1"
"http://dbpedia.org/resource/UGK_4_Life";"";""
"http://dbpedia.org/resource/Isolation_Drills";"";""
"http://dbpedia.org/resource/Always_Outnumbered,_Never_Outgunned";"85";"4"
"http://dbpedia.org/resource/Pray_IV_Reign";"";""
"http://dbpedia.org/resource/Jewellery_Quarter_(album)";"";""
"http://dbpedia.org/resource/A_Lifetime_of_Temporary_Relief:_10_Years_of_B-Sides_and_Rarities";"100";"1"
"http://dbpedia.org/resource/Winning_Days";"";""
"http://dbpedia.org/resource/Faking_the_Books";"";""
"http://dbpedia.org/resource/Here_with_Me_(album)";"";""
"http://dbpedia.org/resource/Burst_Apart";"80";"2"
"http://dbpedia.org/resource/Sung_Tongs";"100";"1"
"http://dbpedia.org/resource/Le_Noise";"80";"1"
"http://dbpedia.org/resource/The_College_Dropout";"88";"8"
"http://dbpedia.org/resource/Transference_(album)";"";""
"http://dbpedia.org/resource/One_Kind_Favor";"100";"2"
"http://dbpedia.org/resource/Real_Animal";"100";"1"
"http://dbpedia.org/resource/Apollo_Kids_(album)";"100";"1"
"http://dbpedia.org/resource/Figure_8_(album)";"80";"2"
"http://dbpedia.org/resource/Rise_and_Fall,_Rage_and_Grace";"100";"2"
"http://dbpedia.org/resource/Memphis_Blues_(album)";"";""
"http://dbpedia.org/resource/The_Spine";"";""
"http://dbpedia.org/resource/The_World_I_Want_to_Leave_Behind";"";""
"http://dbpedia.org/resource/Boxer_(album)";"87";"3"
"http://dbpedia.org/resource/Saints_of_Los_Angeles";"";""
"http://dbpedia.org/resource/Lupe_Fiasco's_Food_&_Liquor";"100";"2"
"http://dbpedia.org/resource/The_Shepherd's_Dog";"100";"4"
"http://dbpedia.org/resource/Payable_on_Death";"100";"1"
"http://dbpedia.org/resource/White_Chalk";"80";"7"
"http://dbpedia.org/resource/Lions_(album)";"80";"1"
"http://dbpedia.org/resource/The_Coral_(album)";"85";"4"
"http://dbpedia.org/resource/Trust_Me_(album)";"";""
"http://dbpedia.org/resource/Fever_to_Tell";"90";"4"
"http://dbpedia.org/resource/David_Archuleta_(album)";"100";"1"
"http://dbpedia.org/resource/Satan's_Circus";"";""
"http://dbpedia.org/resource/Stade_2";"";""
"http://dbpedia.org/resource/Demon_Days";"84";"11"
"http://dbpedia.org/resource/The_Sunset_Tree";"100";"2"
"http://dbpedia.org/resource/Way_to_Normal";"";""
"http://dbpedia.org/resource/Clap_Your_Hands_Say_Yeah_(album)";"";""
"http://dbpedia.org/resource/The_Curse_of_Blondie";"";""
"http://dbpedia.org/resource/Asleep_in_the_Back";"60";"1"
"http://dbpedia.org/resource/Street's_Disciple";"60";"1"
"http://dbpedia.org/resource/Favourite_Colours";"";""
"http://dbpedia.org/resource/Big_Dreams_&_High_Hopes";"";""
"http://dbpedia.org/resource/Welcome_to_Mali";"100";"2"
"http://dbpedia.org/resource/Overpowered";"";""
"http://dbpedia.org/resource/Lessons_in_Love_(Lloyd_album)";"";""
"http://dbpedia.org/resource/Hotel_Paper";"60";"1"
"http://dbpedia.org/resource/3_Doors_Down_(album)";"76";"5"
"http://dbpedia.org/resource/Endlessly_(album)";"";""
"http://dbpedia.org/resource/Fragments_of_Freedom";"80";"4"
"http://dbpedia.org/resource/The_Shadow_of_an_Empire";"";""
"http://dbpedia.org/resource/The_Remote_Part";"";""
"http://dbpedia.org/resource/8_Million_Stories";"100";"1"
"http://dbpedia.org/resource/Under_the_Boards";"";""
"http://dbpedia.org/resource/Language._Sex._Violence._Other%3F";"60";"2"
"http://dbpedia.org/resource/American_III:_Solitary_Man";"95";"4"
"http://dbpedia.org/resource/Screaming_Bloody_Murder";"100";"1"
"http://dbpedia.org/resource/New_Brigade";"";""
"http://dbpedia.org/resource/Let's_Stay_Friends";"";""
"http://dbpedia.org/resource/Bicycles_&_Tricycles";"";""
"http://dbpedia.org/resource/The_Sunlandic_Twins";"100";"1"
"http://dbpedia.org/resource/The_Isness";"";""
"http://dbpedia.org/resource/Charmbracelet";"80";"2"
"http://dbpedia.org/resource/Apocalyptic_Love";"80";"1"
"http://dbpedia.org/resource/Undun";"100";"1"
"http://dbpedia.org/resource/Brooklyn's_Don_Diva";"";""
"http://dbpedia.org/resource/Ghosts_of_the_Great_Highway";"";""
"http://dbpedia.org/resource/The_Sea_of_Memories";"";""
"http://dbpedia.org/resource/Wonders_of_the_Younger";"";""
"http://dbpedia.org/resource/Hands_All_Over_(album)";"80";"3"
"http://dbpedia.org/resource/Speakerboxxx/The_Love_Below";"73";"12"
"http://dbpedia.org/resource/Chosen_Lords";"80";"1"
"http://dbpedia.org/resource/The_Private_Press";"85";"4"
"http://dbpedia.org/resource/Damita_Jo_(album)";"100";"1"
"http://dbpedia.org/resource/Juliana's_Pony:_Total_System_Failure";"100";"1"
"http://dbpedia.org/resource/Vulnerable_(Tricky_album)";"40";"1"
"http://dbpedia.org/resource/Time_the_Conqueror";"";""
"http://dbpedia.org/resource/You_Gotta_Go_There_to_Come_Back";"100";"1"
"http://dbpedia.org/resource/Malice_n_Wonderland";"";""
"http://dbpedia.org/resource/Cryptomnesia_(album)";"";""
"http://dbpedia.org/resource/Visiter";"";""
"http://dbpedia.org/resource/Wild_Flag_(album)";"";""
"http://dbpedia.org/resource/Tomahawk_Technique";"";""
"http://dbpedia.org/resource/Love_Notes/Letter_Bombs";"";""
"http://dbpedia.org/resource/I_Am_a_Bird_Now";"100";"3"
"http://dbpedia.org/resource/Kaputt_(album)";"80";"1"
"http://dbpedia.org/resource/Andorra_(album)";"100";"1"
"http://dbpedia.org/resource/The_Temper_Trap_EP";"60";"1"
"http://dbpedia.org/resource/Sing_Along_to_Songs_You_Don't_Know";"40";"1"
"http://dbpedia.org/resource/Let_England_Shake";"87";"6"
"http://dbpedia.org/resource/It's_Alive!_(album)";"";""
"http://dbpedia.org/resource/Ire_Works";"87";"3"
"http://dbpedia.org/resource/Love,_Hate_and_Then_There's_You";"";""
"http://dbpedia.org/resource/The_Money_Store_(album)";"100";"3"
"http://dbpedia.org/resource/Histoire_de_Melody_Nelson";"";""
"http://dbpedia.org/resource/Comicopera";"";""
"http://dbpedia.org/resource/Dizzy_Spells_(album)";"";""
"http://dbpedia.org/resource/You_Forgot_It_in_People";"90";"4"
"http://dbpedia.org/resource/Why_Should_the_Fire_Die%3F";"80";"1"
"http://dbpedia.org/resource/Illinois_(album)";"100";"8"
"http://dbpedia.org/resource/You_Are_Free";"";""
"http://dbpedia.org/resource/Glassheart";"";""
"http://dbpedia.org/resource/Red_River_Blue";"";""
"http://dbpedia.org/resource/Black_Tambourine_(album)";"";""
"http://dbpedia.org/resource/Apologies_to_the_Queen_Mary";"";""
"http://dbpedia.org/resource/Pocket_Symphony";"73";"3"
"http://dbpedia.org/resource/Higher_Than_the_Eiffel";"";""
"http://dbpedia.org/resource/Morningwood_(album)";"40";"1"
"http://dbpedia.org/resource/Harmonicraft";"";""
"http://dbpedia.org/resource/Fly_from_Here";"60";"1"
"http://dbpedia.org/resource/About_a_Boy_(soundtrack)";"";""
"http://dbpedia.org/resource/The_Pretty_Toney_Album";"";""
"http://dbpedia.org/resource/Gorilla_Manor";"";""
"http://dbpedia.org/resource/Amputechture";"80";"5"
"http://dbpedia.org/resource/Sweet_and_Wild";"100";"1"
"http://dbpedia.org/resource/I_Am_the_Fun_Blame_Monster!";"100";"1"
"http://dbpedia.org/resource/Love_Travels_at_Illegal_Speeds";"";""
"http://dbpedia.org/resource/Veni_Vidi_Vicious";"100";"5"
"http://dbpedia.org/resource/The_Sellout";"60";"1"
"http://dbpedia.org/resource/So_Beautiful_or_So_What";"73";"3"
"http://dbpedia.org/resource/Around_the_Sun";"40";"3"
"http://dbpedia.org/resource/A_Chance_to_Cut_Is_a_Chance_to_Cure";"";""
"http://dbpedia.org/resource/Surtur_Rising";"87";"3"
"http://dbpedia.org/resource/The_Rebirth_of_Venus";"";""
"http://dbpedia.org/resource/The_Execution_of_All_Things";"100";"1"
"http://dbpedia.org/resource/Here_We_Stand_(The_Fratellis_album)";"";""
"http://dbpedia.org/resource/Grand_Champ";"";""
"http://dbpedia.org/resource/Scissor_Sisters_(album)";"60";"3"
"http://dbpedia.org/resource/Artwork_(album)";"100";"1"
"http://dbpedia.org/resource/Electronic_Dream";"";""
"http://dbpedia.org/resource/Health//Disco";"";""
"http://dbpedia.org/resource/Down_to_Earth_(Jem_album)";"";""
"http://dbpedia.org/resource/Crazy_Ex-Girlfriend";"";""
"http://dbpedia.org/resource/Down_in_Albion";"100";"3"
"http://dbpedia.org/resource/Dye_It_Blonde";"";""
"http://dbpedia.org/resource/Live_Like_You_Were_Dying";"50";"2"
"http://dbpedia.org/resource/Red_Letter_Days_(album)";"60";"1"
"http://dbpedia.org/resource/For_Hero:_For_Fool";"";""
"http://dbpedia.org/resource/Red_Devil_Dawn";"";""
"http://dbpedia.org/resource/Vespertine";"86";"7"
"http://dbpedia.org/resource/Embryonic";"";""
"http://dbpedia.org/resource/See_My_Friends_(album)";"";""
"http://dbpedia.org/resource/Cocky_(album)";"100";"1"
"http://dbpedia.org/resource/Happy_New_Year_(album)";"";""
"http://dbpedia.org/resource/A.D.D._(Audio_Day_Dream)";"";""
"http://dbpedia.org/resource/The_Head_and_the_Heart_(album)";"";""
"http://dbpedia.org/resource/Someone_to_Watch_Over_Me_(album)";"";""
"http://dbpedia.org/resource/Havoc_and_Bright_Lights";"85";"4"
"http://dbpedia.org/resource/The_Spirit_Indestructible";"";""
"http://dbpedia.org/resource/Cardiology_(album)";"";""
"http://dbpedia.org/resource/Downtown_Church";"";""
"http://dbpedia.org/resource/Boy_in_da_Corner";"80";"3"
"http://dbpedia.org/resource/Rings_Around_the_World";"93";"3"
"http://dbpedia.org/resource/The_Unforgiving";"100";"3"
"http://dbpedia.org/resource/Feels";"80";"3"
"http://dbpedia.org/resource/F.A.M.E._(album)";"20";"1"
"http://dbpedia.org/resource/Yanqui_U.X.O.";"80";"5"
"http://dbpedia.org/resource/Extraordinary_Machine";"80";"1"
"http://dbpedia.org/resource/Happiness_Ltd.";"";""
"http://dbpedia.org/resource/Devils_&_Dust";"65";"4"
"http://dbpedia.org/resource/The_End_of_All_Things_to_Come";"";""
"http://dbpedia.org/resource/Modulate_(album)";"";""
"http://dbpedia.org/resource/You_Can_Feel_Me";"";""
"http://dbpedia.org/resource/Person_Pitch";"100";"1"
"http://dbpedia.org/resource/The_Contino_Sessions";"80";"1"
"http://dbpedia.org/resource/R&G_(Rhythm_&_Gangsta):_The_Masterpiece";"60";"1"
"http://dbpedia.org/resource/Kid_A";"92";"22"
"http://dbpedia.org/resource/I_Am_Shelby_Lynne";"";""
"http://dbpedia.org/resource/The_Dangermen_Sessions_Vol._1";"";""
"http://dbpedia.org/resource/The_Guitar_Song";"";""
"http://dbpedia.org/resource/Fall_Be_Kind";"80";"2"
"http://dbpedia.org/resource/Coexist_(album)";"60";"1"
"http://dbpedia.org/resource/Rook_(album)";"100";"2"
"http://dbpedia.org/resource/My_World,_My_Way_(album)";"";""
"http://dbpedia.org/resource/Get_Off_on_the_Pain";"";""
"http://dbpedia.org/resource/It_Still_Moves";"80";"1"
"http://dbpedia.org/resource/Slave_Ambient";"";""
"http://dbpedia.org/resource/In_Rape_Fantasy_and_Terror_Sex_We_Trust";"";""
"http://dbpedia.org/resource/Man_vs._Machine";"100";"1"
"http://dbpedia.org/resource/The_Battle_for_Everything";"70";"2"
"http://dbpedia.org/resource/This_Is_a_Fix";"";""
"http://dbpedia.org/resource/Until_the_End_(album)";"";""
"http://dbpedia.org/resource/Doomsdayer's_Holiday";"";""
"http://dbpedia.org/resource/The_Rose_Has_Teeth_in_the_Mouth_of_a_Beast";"";""
"http://dbpedia.org/resource/Tical_0:_The_Prequel";"";""
"http://dbpedia.org/resource/Nixon_(album)";"100";"1"
"http://dbpedia.org/resource/Hold_On_'til_the_Night";"";""
"http://dbpedia.org/resource/Ravedeath,_1972";"80";"1"
"http://dbpedia.org/resource/Slipway_Fires";"60";"1"
"http://dbpedia.org/resource/Fiction_Family_(album)";"80";"1"
"http://dbpedia.org/resource/Tomorrow's_World_(album)";"30";"2"
"http://dbpedia.org/resource/Turning_the_Mind";"";""
"http://dbpedia.org/resource/Beat_'Em_Up";"";""
"http://dbpedia.org/resource/The_Age_of_Miracles";"";""
"http://dbpedia.org/resource/Cobblestone_Runway";"";""
"http://dbpedia.org/resource/Begin_to_Hope";"86";"7"
"http://dbpedia.org/resource/Live_at_the_Aragon";"";""
"http://dbpedia.org/resource/We_Shall_Overcome:_The_Seeger_Sessions";"77";"6"
"http://dbpedia.org/resource/Django_Django_(album)";"80";"1"
"http://dbpedia.org/resource/R.O.O.T.S.";"100";"2"
"http://dbpedia.org/resource/Mi_Reflejo";"";""
"http://dbpedia.org/resource/Dig,_Lazarus,_Dig!!!";"67";"3"
"http://dbpedia.org/resource/Romance_at_Short_Notice";"";""
"http://dbpedia.org/resource/I'll_Sleep_When_You're_Dead";"60";"1"
"http://dbpedia.org/resource/Lisbon_(album)";"";""
"http://dbpedia.org/resource/Welcome_Interstate_Managers";"87";"3"
"http://dbpedia.org/resource/Robotique_Majestique";"";""
"http://dbpedia.org/resource/The_Preacher's_Son";"";""
"http://dbpedia.org/resource/Haha_Sound";"";""
"http://dbpedia.org/resource/Beauty_&_Crime";"";""
"http://dbpedia.org/resource/Celestial_Lineage";"100";"1"
"http://dbpedia.org/resource/Silent_Movies";"";""
"http://dbpedia.org/resource/Strange_Mercy";"";""
"http://dbpedia.org/resource/Stankonia";"87";"6"
"http://dbpedia.org/resource/Don't_Give_Up_on_Me";"80";"1"
"http://dbpedia.org/resource/War_Stories_(album)";"95";"4"
"http://dbpedia.org/resource/Our_Shadows_Will_Remain";"";""
"http://dbpedia.org/resource/Pause_(album)";"100";"2"
"http://dbpedia.org/resource/Testify_(Phil_Collins_album)";"60";"2"
"http://dbpedia.org/resource/School_of_the_Flower";"";""
"http://dbpedia.org/resource/What_I_Do";"";""
"http://dbpedia.org/resource/Imperial_Blaze";"";""
"http://dbpedia.org/resource/Hail_to_the_Thief";"83";"19"
"http://dbpedia.org/resource/Nothing_Is_Wrong";"100";"1"
"http://dbpedia.org/resource/The_Path_of_Totality";"80";"1"
"http://dbpedia.org/resource/Blood_Like_Lemonade";"80";"1"
"http://dbpedia.org/resource/Because_of_the_Times";"80";"1"
"http://dbpedia.org/resource/Oh_My_God,_Charlie_Darwin";"";""
"http://dbpedia.org/resource/Diaper_Island";"";""
"http://dbpedia.org/resource/Songs_in_Red_and_Gray";"40";"1"
"http://dbpedia.org/resource/Devil's_Playground_(album)";"60";"1"
"http://dbpedia.org/resource/Time_(The_Revelator)";"";""
"http://dbpedia.org/resource/Underclass_Hero";"100";"1"
"http://dbpedia.org/resource/The_Obliterati";"";""
"http://dbpedia.org/resource/American_Life";"80";"2"
"http://dbpedia.org/resource/To_Lose_My_Life...";"100";"1"
"http://dbpedia.org/resource/The_Dutchess";"";""
"http://dbpedia.org/resource/Love_the_Future";"";""
"http://dbpedia.org/resource/Just_Whitney";"60";"1"
"http://dbpedia.org/resource/Korn_III:_Remember_Who_You_Are";"100";"1"
"http://dbpedia.org/resource/The_Crying_Light";"100";"2"
"http://dbpedia.org/resource/Post-Nothing";"";""
"http://dbpedia.org/resource/Conspiracy_of_One";"60";"2"
"http://dbpedia.org/resource/Transfiguration_of_Vincent";"80";"1"
"http://dbpedia.org/resource/Bang_Bang_Rock_&_Roll";"";""
"http://dbpedia.org/resource/A_Man's_Thoughts";"";""
"http://dbpedia.org/resource/Songs_for_the_Deaf";"82";"9"
"http://dbpedia.org/resource/My_Maudlin_Career";"75";"4"
"http://dbpedia.org/resource/I_Was_Trying_to_Describe_You_to_Someone";"";""
"http://dbpedia.org/resource/A_Creature_I_Don't_Know";"";""
"http://dbpedia.org/resource/The_Creek_Drank_the_Cradle";"80";"1"
"http://dbpedia.org/resource/Mwng";"100";"3"
"http://dbpedia.org/resource/Songs_from_the_Sparkle_Lounge";"60";"1"
"http://dbpedia.org/resource/30_Seconds_to_Mars_(album)";"80";"4"
"http://dbpedia.org/resource/Leave_It_All_Behind_(album)";"";""
"http://dbpedia.org/resource/The_Seldom_Seen_Kid";"";""
"http://dbpedia.org/resource/Pieces_in_a_Modern_Style";"";""
"http://dbpedia.org/resource/Ill_Manors_(album)";"";""
"http://dbpedia.org/resource/Good_News_for_People_Who_Love_Bad_News";"80";"8"
"http://dbpedia.org/resource/Light_After_Dark";"";""
"http://dbpedia.org/resource/Darkly,_Darkly,_Venus_Aversa";"80";"1"
"http://dbpedia.org/resource/Spirit_Moves";"80";"1"
"http://dbpedia.org/resource/Doggumentary";"";""
"http://dbpedia.org/resource/In_Between_Dreams";"80";"3"
"http://dbpedia.org/resource/Seal_(2003_album)";"60";"1"
"http://dbpedia.org/resource/Leave_This_Town";"";""
"http://dbpedia.org/resource/Happiness_(Hurts_album)";"80";"1"
"http://dbpedia.org/resource/The_Oracle_(album)";"";""
"http://dbpedia.org/resource/Moment_Bends";"100";"1"
"http://dbpedia.org/resource/Midnite_Vultures";"80";"4"
"http://dbpedia.org/resource/American_V:_A_Hundred_Highways";"80";"1"
"http://dbpedia.org/resource/In_Rainbows";"90";"25"
"http://dbpedia.org/resource/Stumble_into_Grace";"";""
"http://dbpedia.org/resource/Righteous_Love";"";""
"http://dbpedia.org/resource/Mountain_Soul_II";"";""
"http://dbpedia.org/resource/Lies_for_the_Liars";"70";"2"
"http://dbpedia.org/resource/Out_of_Nothing";"";""
"http://dbpedia.org/resource/Built_on_Squares";"";""
"http://dbpedia.org/resource/The_Alphabet_of_Hurricanes";"";""
"http://dbpedia.org/resource/Graffiti_(Chris_Brown_album)";"20";"1"
"http://dbpedia.org/resource/Scabdates";"60";"1"
"http://dbpedia.org/resource/Marnie_Stern_(album)";"";""
"http://dbpedia.org/resource/ObZen";"100";"1"
"http://dbpedia.org/resource/Hello_Waveforms";"";""
"http://dbpedia.org/resource/Section.80";"60";"2"
"http://dbpedia.org/resource/Strip_Me";"";""
"http://dbpedia.org/resource/31_Minutes_to_Takeoff";"";""
"http://dbpedia.org/resource/Untrue";"98";"11"
"http://dbpedia.org/resource/These_Are_the_Good_Times_People";"80";"1"
"http://dbpedia.org/resource/Imperial_Wax_Solvent";"";""
"http://dbpedia.org/resource/Tones_of_Town";"";""
"http://dbpedia.org/resource/Black_Cadillac";"";""
"http://dbpedia.org/resource/Reanimation";"73";"3"
"http://dbpedia.org/resource/Songs_About_Girls";"";""
"http://dbpedia.org/resource/This_Is_Country_Music";"100";"1"
"http://dbpedia.org/resource/Rokstarr";"";""
"http://dbpedia.org/resource/The_Con_(album)";"80";"1"
"http://dbpedia.org/resource/Daybreak_(Saves_the_Day_album)";"";""
"http://dbpedia.org/resource/We_Are_Beautiful,_We_Are_Doomed";"100";"1"
"http://dbpedia.org/resource/Love_Is_Dead_(Kerli_album)";"90";"2"
"http://dbpedia.org/resource/Graffiti_Soul";"";""
"http://dbpedia.org/resource/Gemstones_(album)";"";""
"http://dbpedia.org/resource/Only_by_the_Night";"73";"3"
"http://dbpedia.org/resource/Beyond_the_Neighbourhood";"";""
"http://dbpedia.org/resource/Summer_of_the_Shark_(album)";"";""
"http://dbpedia.org/resource/Oohs_&_Aahs";"";""
"http://dbpedia.org/resource/Crack_the_Skye";"100";"4"
"http://dbpedia.org/resource/A_Little_More_Personal_(Raw)";"";""
"http://dbpedia.org/resource/Britney_(album)";"96";"4"
"http://dbpedia.org/resource/The_Road_and_the_Radio";"";""
"http://dbpedia.org/resource/Felt_3:_A_Tribute_to_Rosie_Perez";"";""
"http://dbpedia.org/resource/Mama's_Gun";"60";"1"
"http://dbpedia.org/resource/Mezmerize_(album)";"82";"13"
"http://dbpedia.org/resource/The_Fray_(album)";"";""
"http://dbpedia.org/resource/The_Golden_D";"";""
"http://dbpedia.org/resource/Results_May_Vary";"64";"5"
"http://dbpedia.org/resource/20_Y.O.";"100";"1"
"http://dbpedia.org/resource/Complete_Me";"";""
"http://dbpedia.org/resource/Liverpool_8";"";""
"http://dbpedia.org/resource/Writers_Without_Homes";"";""
"http://dbpedia.org/resource/I_Am_Not_Afraid_of_You_and_I_Will_Beat_Your_Ass";"";""
"http://dbpedia.org/resource/Transcendental_Youth";"";""
"http://dbpedia.org/resource/Confessions_on_a_Dance_Floor";"84";"9"
"http://dbpedia.org/resource/Bachelor_No._2_or,_the_Last_Remains_of_the_Dodo";"100";"1"
"http://dbpedia.org/resource/Time_for_Annihilation";"";""
"http://dbpedia.org/resource/Keep_Calm_and_Carry_On_(album)";"";""
"http://dbpedia.org/resource/The_ArchAndroid";"90";"2"
"http://dbpedia.org/resource/Suit_(album)";"";""
"http://dbpedia.org/resource/Pressure_Chief";"87";"3"
"http://dbpedia.org/resource/Escapology_(album)";"60";"2"
"http://dbpedia.org/resource/World_Without_Tears";"";""
"http://dbpedia.org/resource/Fasciinatiion";"80";"3"
"http://dbpedia.org/resource/Stephen_Malkmus_(album)";"";""
"http://dbpedia.org/resource/St._Jude_(album)";"";""
"http://dbpedia.org/resource/Tales_Don't_Tell_Themselves";"";""
"http://dbpedia.org/resource/Happy_Songs_for_Happy_People";"80";"1"
"http://dbpedia.org/resource/Come_Away_with_Me";"77";"6"
"http://dbpedia.org/resource/Truly_She_Is_None_Other";"";""
"http://dbpedia.org/resource/Waiting_for_the_Sirens'_Call";"50";"2"
"http://dbpedia.org/resource/Night_Falls_Over_Kortedala";"80";"2"
"http://dbpedia.org/resource/Who_Killed_Sgt._Pepper%3F";"";""
"http://dbpedia.org/resource/Brassbound";"";""
"http://dbpedia.org/resource/Goon_Affiliated";"";""
"http://dbpedia.org/resource/Polly_Scattergood_(album)";"";""
"http://dbpedia.org/resource/Ga_Ga_Ga_Ga_Ga";"";""
"http://dbpedia.org/resource/MGMT_(album)";"";""
"http://dbpedia.org/resource/The_Powerless_Rise";"";""
"http://dbpedia.org/resource/Streetlights_(Kurupt_album)";"";""
"http://dbpedia.org/resource/Kids_in_the_Street";"";""
"http://dbpedia.org/resource/Merriweather_Post_Pavilion_(album)";"83";"7"
"http://dbpedia.org/resource/Love_Me_Back_(album)";"";""
"http://dbpedia.org/resource/Broken_Social_Scene_(album)";"100";"1"
"http://dbpedia.org/resource/Blacklisted_(album)";"";""
"http://dbpedia.org/resource/Journal_for_Plague_Lovers";"";""
"http://dbpedia.org/resource/Flavors_of_Entanglement";"73";"3"
"http://dbpedia.org/resource/Fake_Songs";"";""
"http://dbpedia.org/resource/Black_Sheep_Boy";"";""
"http://dbpedia.org/resource/Battle_for_the_Sun";"73";"3"
"http://dbpedia.org/resource/Life_Cycles_(album)";"";""
"http://dbpedia.org/resource/Midnight_Souvenirs";"";""
"http://dbpedia.org/resource/My_Father_Will_Guide_Me_up_a_Rope_to_the_Sky";"90";"2"
"http://dbpedia.org/resource/Break_the_Spell";"";""
"http://dbpedia.org/resource/The_Fabled_City";"";""
"http://dbpedia.org/resource/A_Little_Deeper";"";""
"http://dbpedia.org/resource/Get_Behind_Me_Satan";"64";"5"
"http://dbpedia.org/resource/Death_to_False_Metal";"50";"4"
"http://dbpedia.org/resource/Singing_Bones";"";""
"http://dbpedia.org/resource/Penance_Soiree";"";""
"http://dbpedia.org/resource/Let's_Just_Be";"";""
"http://dbpedia.org/resource/Mad_Season_(album)";"60";"2"
"http://dbpedia.org/resource/More_Than_You_Think_You_Are";"40";"1"
"http://dbpedia.org/resource/Laws_of_Illusion";"100";"1"
"http://dbpedia.org/resource/Mandy_Moore_(album)";"60";"1"
"http://dbpedia.org/resource/Falcon_(album)";"";""
"http://dbpedia.org/resource/Melodia_(album)";"";""
"http://dbpedia.org/resource/The_Lion's_Roar_(album)";"";""
"http://dbpedia.org/resource/Cats_&_Dogs_(Evidence_album)";"";""
"http://dbpedia.org/resource/We_Are_Monster";"";""
"http://dbpedia.org/resource/Back_on_My_B.S.";"40";"1"
"http://dbpedia.org/resource/Jackinabox";"";""
"http://dbpedia.org/resource/Glass_Floor";"";""
"http://dbpedia.org/resource/Gold_Cobra";"75";"4"
"http://dbpedia.org/resource/Pushing_the_Senses";"60";"1"
"http://dbpedia.org/resource/Shaman_(album)";"80";"1"
"http://dbpedia.org/resource/Asleep_in_the_Bread_Aisle";"";""
"http://dbpedia.org/resource/A_Ghost_Is_Born";"80";"1"
"http://dbpedia.org/resource/Spot_the_Difference";"";""
"http://dbpedia.org/resource/All_6's_and_7's";"100";"1"
"http://dbpedia.org/resource/Helplessness_Blues";"90";"4"
"http://dbpedia.org/resource/Breaking_Kayfabe";"100";"1"
"http://dbpedia.org/resource/The_Friends_EP";"";""
"http://dbpedia.org/resource/On_the_Impossible_Past";"";""
"http://dbpedia.org/resource/Elk-Lake_Serenade";"";""
"http://dbpedia.org/resource/I_Am..._Sasha_Fierce";"100";"2"
"http://dbpedia.org/resource/Todd_Smith_(album)";"";""
"http://dbpedia.org/resource/Seek_Magic";"";""
"http://dbpedia.org/resource/Live_from_Rome";"";""
"http://dbpedia.org/resource/Ghetto_Postage";"";""
"http://dbpedia.org/resource/Intimacy:_Album_III";"60";"1"
"http://dbpedia.org/resource/Music_of_the_Spheres_(Ian_Brown_album)";"";""
"http://dbpedia.org/resource/Ersatz_GB";"";""
"http://dbpedia.org/resource/Transatlanticism";"96";"5"
"http://dbpedia.org/resource/Rotten_Apple_(album)";"";""
"http://dbpedia.org/resource/The_Great_Escape_Artist";"";""
"http://dbpedia.org/resource/Sounds_from_Nowheresville";"";""
"http://dbpedia.org/resource/Tenacious_D_(album)";"76";"5"
"http://dbpedia.org/resource/Divided_by_Night";"60";"1"
"http://dbpedia.org/resource/St._Elsewhere_(album)";"83";"7"
"http://dbpedia.org/resource/The_Libertines_(album)";"";""
"http://dbpedia.org/resource/Autumn_of_the_Seraphs";"";""
"http://dbpedia.org/resource/Nostradamus_(album)";"60";"3"
"http://dbpedia.org/resource/Threes_(album)";"";""
"http://dbpedia.org/resource/The_Boxing_Mirror";"100";"1"
"http://dbpedia.org/resource/The_Discovery_of_a_World_Inside_the_Moone";"80";"1"
"http://dbpedia.org/resource/Machine_(EP)";"100";"1"
"http://dbpedia.org/resource/De_Vermis_Mysteriis_(album)";"";""
"http://dbpedia.org/resource/The_Glass_Passenger";"";""
"http://dbpedia.org/resource/Bunkka";"";""
"http://dbpedia.org/resource/Shobaleader_One:_d'Demonstrator";"100";"1"
"http://dbpedia.org/resource/Tha_Carter_III";"60";"3"
"http://dbpedia.org/resource/Return_to_the_Sea";"100";"1"
"http://dbpedia.org/resource/De-Loused_in_the_Comatorium";"97";"6"
"http://dbpedia.org/resource/Blues_Dream";"60";"1"
"http://dbpedia.org/resource/Fishin'_for_Woos";"";""
"http://dbpedia.org/resource/Bat_Out_of_Hell_III:_The_Monster_Is_Loose";"60";"1"
"http://dbpedia.org/resource/TSOL_(album)";"";""
"http://dbpedia.org/resource/Untouchables_(album)";"80";"2"
"http://dbpedia.org/resource/I_Phantom";"";""
"http://dbpedia.org/resource/Sagarmatha_(album)";"";""
"http://dbpedia.org/resource/Red_Carpet_Massacre";"60";"1"
"http://dbpedia.org/resource/An_Imaginary_Country";"100";"1"
"http://dbpedia.org/resource/The_Golden_Age_of_Grotesque";"80";"8"
"http://dbpedia.org/resource/Universal_Audio_(album)";"";""
"http://dbpedia.org/resource/Take_It_to_the_Limit_(Hinder_album)";"100";"1"
"http://dbpedia.org/resource/The_Cosmos_Rocks";"70";"2"
"http://dbpedia.org/resource/Dirty_Vegas_(album)";"";""
"http://dbpedia.org/resource/Life_Is_Good_(Nas_album)";"70";"2"
"http://dbpedia.org/resource/Public_Strain";"";""
"http://dbpedia.org/resource/Welcome_to_the_Drama_Club";"60";"2"
"http://dbpedia.org/resource/Oceans_Apart";"";""
"http://dbpedia.org/resource/Are_You_Passionate%3F";"50";"2"
"http://dbpedia.org/resource/Poses_(album)";"";""
"http://dbpedia.org/resource/Familiar_to_Millions";"";""
"http://dbpedia.org/resource/Source_Tags_&_Codes";"80";"4"
"http://dbpedia.org/resource/A_Place_to_Bury_Strangers_(album)";"";""
"http://dbpedia.org/resource/Slick_Dogs_and_Ponies";"";""
"http://dbpedia.org/resource/Wonderful_Rainbow";"";""
"http://dbpedia.org/resource/Cripple_Crow";"80";"1"
"http://dbpedia.org/resource/We'll_Live_and_Die_in_These_Towns";"";""
"http://dbpedia.org/resource/Ice_Cream_Spiritual";"";""
"http://dbpedia.org/resource/When_I_Pretend_to_Fall";"";""
"http://dbpedia.org/resource/%22Happy%22_in_Galoshes";"";""
"http://dbpedia.org/resource/Up_to_Now";"60";"1"
"http://dbpedia.org/resource/Democrazy";"";""
"http://dbpedia.org/resource/The_Beginning_Stages_of...";"60";"1"
"http://dbpedia.org/resource/Do_You_Like_Rock_Music%3F";"100";"1"
"http://dbpedia.org/resource/Lowedges";"";""
"http://dbpedia.org/resource/Salival";"90";"2"
"http://dbpedia.org/resource/Tweekend";"100";"1"
"http://dbpedia.org/resource/Break_It_Yourself";"";""
"http://dbpedia.org/resource/Easy_Wonderful";"";""
"http://dbpedia.org/resource/Black_Swan_(album)";"";""
"http://dbpedia.org/resource/Fantasy_Ride";"60";"1"
"http://dbpedia.org/resource/The_Airing_of_Grievances";"";""
"http://dbpedia.org/resource/Lights_and_Sounds";"";""
"http://dbpedia.org/resource/Dressy_Bessy_(album)";"";""
"http://dbpedia.org/resource/Return_to_Cookie_Mountain";"67";"3"
"http://dbpedia.org/resource/Fall_Heads_Roll";"100";"1"
"http://dbpedia.org/resource/The_Last_Romance";"";""
"http://dbpedia.org/resource/Geogaddi";"93";"8"
"http://dbpedia.org/resource/Rather_Ripped";"";""
"http://dbpedia.org/resource/Manafon_(album)";"";""
"http://dbpedia.org/resource/Sound_of_Water";"90";"2"
"http://dbpedia.org/resource/Absolute_Dissent";"70";"2"
"http://dbpedia.org/resource/The_Budos_Band_III";"";""
"http://dbpedia.org/resource/The_Illusion_of_Progress";"";""
"http://dbpedia.org/resource/Sound_of_Silver";"87";"3"
"http://dbpedia.org/resource/Bad_(album)";"80";"11"
"http://dbpedia.org/resource/Woman_King";"";""
"http://dbpedia.org/resource/The_Long_Road";"60";"1"
"http://dbpedia.org/resource/The_Besnard_Lakes_Are_the_Dark_Horse";"";""
"http://dbpedia.org/resource/Miss_E..._So_Addictive";"60";"4"
"http://dbpedia.org/resource/The_Chronicles_of_Life_and_Death";"60";"1"
"http://dbpedia.org/resource/Feel_the_Steel";"";""
"http://dbpedia.org/resource/Takk...";"85";"12"
"http://dbpedia.org/resource/Let_Them_Talk";"80";"2"
"http://dbpedia.org/resource/Funstyle";"";""
"http://dbpedia.org/resource/Theology_(album)";"90";"2"
"http://dbpedia.org/resource/Augustana_(album)";"";""
"http://dbpedia.org/resource/Little_Sparrow";"";""
"http://dbpedia.org/resource/Bright_Like_Neon_Love";"";""
"http://dbpedia.org/resource/Magnificent_City";"";""
"http://dbpedia.org/resource/Destroy_Rock_&_Roll";"";""
"http://dbpedia.org/resource/The_Ugly_Organ";"100";"1"
"http://dbpedia.org/resource/Ancient_Melodies_of_the_Future";"80";"2"
"http://dbpedia.org/resource/The_Tigers_Have_Spoken";"";""
"http://dbpedia.org/resource/He_Was_King";"";""
"http://dbpedia.org/resource/Conatus_(album)";"40";"1"
"http://dbpedia.org/resource/Legendary_Weapons";"";""
"http://dbpedia.org/resource/Transcendental_Blues";"80";"1"
"http://dbpedia.org/resource/Lost_in_the_Sound_of_Separation";"100";"1"
"http://dbpedia.org/resource/Tears_of_the_Valedictorian";"";""
"http://dbpedia.org/resource/Mink_Car";"80";"1"
"http://dbpedia.org/resource/Lookaftering";"";""
"http://dbpedia.org/resource/Separation_Sunday";"60";"1"
"http://dbpedia.org/resource/Sun,_Sun,_Sun";"";""
"http://dbpedia.org/resource/A_Funk_Odyssey";"67";"3"
"http://dbpedia.org/resource/Charango_(album)";"75";"4"
"http://dbpedia.org/resource/Shaka_Rock";"";""
"http://dbpedia.org/resource/Invincible_Summer";"80";"1"
"http://dbpedia.org/resource/Beg_for_Mercy";"40";"2"
"http://dbpedia.org/resource/Airtight's_Revenge";"";""
"http://dbpedia.org/resource/Out_of_Ashes";"70";"2"
"http://dbpedia.org/resource/Music_Sounds_Better_with_You_(album)";"";""
"http://dbpedia.org/resource/Solarized";"";""
"http://dbpedia.org/resource/New_Amerykah_Part_One_(4th_World_War)";"";""
